DriverNumber,BroadcastName,Abbreviation,DriverId,TeamName,TeamColor,TeamId,FirstName,LastName,FullName,HeadshotUrl,CountryCode,Position,ClassifiedPosition,GridPosition,Q1,Q2,Q3,Time,Status,Points
33,M VERSTAPPEN,VER,,Red Bull Racing,0600EF,,Max,Verstappen,Max Verstappen,https://www.formula1.com/content/dam/fom-website/drivers/M/MAXVER01_Max_Verstappen/maxver01.png.transform/1col/image.png,,,,,,,,,,
3,D RICCIARDO,RIC,,McLaren,FF9800,,Daniel,Ricciardo,Daniel Ricciardo,https://www.formula1.com/content/dam/fom-website/drivers/D/DANRIC01_Daniel_Ricciardo/danric01.png.transform/1col/image.png,,,,,,,,,,
4,L NORRIS,NOR,,McLaren,FF9800,,Lando,Norris,Lando Norris,https://www.formula1.com/content/dam/fom-website/drivers/L/LANNOR01_Lando_Norris/lannor01.png.transform/1col/image.png,,,,,,,,,,
44,L HAMILTON,HAM,,Mercedes,00D2BE,,Lewis,Hamilton,Lewis Hamilton,https://www.formula1.com/content/dam/fom-website/drivers/L/LEWHAM01_Lewis_Hamilton/lewham01.png.transform/1col/image.png,,,,,,,,,,
16,C LECLERC,LEC,,Ferrari,DC0004,,Charles,Leclerc,Charles Leclerc,https://www.formula1.com/content/dam/fom-website/drivers/C/CHALEC01_Charles_Leclerc/chalec01.png.transform/1col/image.png,,,,,,,,,,
55,C SAINZ,SAI,,Ferrari,DC0004,,Carlos,Sainz,Carlos Sainz,https://www.formula1.com/content/dam/fom-website/drivers/C/CARSAI01_Carlos_Sainz/carsai01.png.transform/1col/image.png,,,,,,,,,,
99,A GIOVINAZZI,GIO,,Alfa Romeo Racing,900000,,Antonio,Giovinazzi,Antonio Giovinazzi,https://www.formula1.com/content/dam/fom-website/drivers/A/ANTGIO01_Antonio_Giovinazzi/antgio01.png.transform/1col/image.png,,,,,,,,,,
11,S PEREZ,PER,,Red Bull Racing,0600EF,,Sergio,Perez,Sergio Perez,https://www.formula1.com/content/dam/fom-website/drivers/S/SERPER01_Sergio_Perez/serper01.png.transform/1col/image.png,,,,,,,,,,
18,L STROLL,STR,,Aston Martin,006F62,,Lance,Stroll,Lance Stroll,https://www.formula1.com/content/dam/fom-website/drivers/L/LANSTR01_Lance_Stroll/lanstr01.png.transform/1col/image.png,,,,,,,,,,
14,F ALONSO,ALO,,Alpine,0090FF,,Fernando,Alonso,Fernando Alonso,https://www.formula1.com/content/dam/fom-website/drivers/F/FERALO01_Fernando_Alonso/feralo01.png.transform/1col/image.png,,,,,,,,,,
5,S VETTEL,VET,,Aston Martin,006F62,,Sebastian,Vettel,Sebastian Vettel,https://www.formula1.com/content/dam/fom-website/drivers/S/SEBVET01_Sebastian_Vettel/sebvet01.png.transform/1col/image.png,,,,,,,,,,
31,E OCON,OCO,,Alpine,0090FF,,Esteban,Ocon,Esteban Ocon,https://www.formula1.com/content/dam/fom-website/drivers/E/ESTOCO01_Esteban_Ocon/estoco01.png.transform/1col/image.png,,,,,,,,,,
6,N LATIFI,LAT,,Williams,005AFF,,Nicholas,Latifi,Nicholas Latifi,https://www.formula1.com/content/dam/fom-website/drivers/N/NICLAF01_Nicholas_Latifi/niclaf01.png.transform/1col/image.png,,,,,,,,,,
63,G RUSSELL,RUS,,Williams,005AFF,,George,Russell,George Russell,https://www.formula1.com/content/dam/fom-website/drivers/G/GEORUS01_George_Russell/georus01.png.transform/1col/image.png,,,,,,,,,,
22,Y TSUNODA,TSU,,AlphaTauri,2B4562,,Yuki,Tsunoda,Yuki Tsunoda,https://www.formula1.com/content/dam/fom-website/drivers/Y/YUKTSU01_Yuki_Tsunoda/yuktsu01.png.transform/1col/image.png,,,,,,,,,,
9,N MAZEPIN,MAZ,,Haas F1 Team,FFFFFF,,Nikita,Mazepin,Nikita Mazepin,https://www.formula1.com/content/dam/fom-website/drivers/N/NIKMAZ01_Nikita_Mazepin/nikmaz01.png.transform/1col/image.png,,,,,,,,,,
88,R KUBICA,KUB,,Alfa Romeo Racing,900000,,Robert,Kubica,Robert Kubica,None,,,,,,,,,,
47,M SCHUMACHER,MSC,,Haas F1 Team,FFFFFF,,Mick,Schumacher,Mick Schumacher,https://www.formula1.com/content/dam/fom-website/drivers/M/MICSCH02_Mick_Schumacher/micsch02.png.transform/1col/image.png,,,,,,,,,,
77,V BOTTAS,BOT,,Mercedes,00D2BE,,Valtteri,Bottas,Valtteri Bottas,https://www.formula1.com/content/dam/fom-website/drivers/V/VALBOT01_Valtteri_Bottas/valbot01.png.transform/1col/image.png,,,,,,,,,,
10,P GASLY,GAS,,AlphaTauri,2B4562,,Pierre,Gasly,Pierre Gasly,https://www.formula1.com/content/dam/fom-website/drivers/P/PIEGAS01_Pierre_Gasly/piegas01.png.transform/1col/image.png,,,,,,,,,,
